{"loss": [NaN, NaN, NaN, NaN, NaN, NaN, NaN, NaN, NaN, NaN, NaN, NaN, NaN, NaN, NaN, NaN, NaN, NaN, NaN, NaN, NaN, NaN, NaN, NaN, NaN, NaN, NaN, NaN, NaN, NaN, NaN, NaN, NaN, NaN, NaN, NaN, NaN, NaN, NaN, NaN, NaN, NaN, NaN, NaN, NaN, NaN, NaN, NaN, NaN, NaN, NaN, NaN, NaN, NaN], "mae": [NaN, NaN, NaN, NaN, NaN, NaN, NaN, NaN, NaN, NaN, NaN, NaN, NaN, NaN, NaN, NaN, NaN, NaN, NaN, NaN, NaN, NaN, NaN, NaN, NaN, NaN, NaN, NaN, NaN, NaN, NaN, NaN, NaN, NaN, NaN, NaN, NaN, NaN, NaN, NaN, NaN, NaN, NaN, NaN, NaN, NaN, NaN, NaN, NaN, NaN, NaN, NaN, NaN, NaN], "mean_q": [NaN, NaN, NaN, NaN, NaN, NaN, NaN, NaN, NaN, NaN, NaN, NaN, NaN, NaN, NaN, NaN, NaN, NaN, NaN, NaN, NaN, NaN, NaN, NaN, NaN, NaN, NaN, NaN, NaN, NaN, NaN, NaN, NaN, NaN, NaN, NaN, NaN, NaN, NaN, NaN, NaN, NaN, NaN, NaN, NaN, NaN, NaN, NaN, NaN, NaN, NaN, NaN, NaN, NaN], "mean_eps": [NaN, NaN, NaN, NaN, NaN, NaN, NaN, NaN, NaN, NaN, NaN, NaN, NaN, NaN, NaN, NaN, NaN, NaN, NaN, NaN, NaN, NaN, NaN, NaN, NaN, NaN, NaN, NaN, NaN, NaN, NaN, NaN, NaN, NaN, NaN, NaN, NaN, NaN, NaN, NaN, NaN, NaN, NaN, NaN, NaN, NaN, NaN, NaN, NaN, NaN, NaN, NaN, NaN, NaN], "episode_reward": [2.0, 1.0, 2.0, 1.0, 1.0, 2.0, 0.0, -1.0, 3.0, 0.0, 2.0, -1.0, -1.0, 3.0, 4.0, 0.0, -1.0, -1.0, 2.0, -1.0, 0.0, 1.0, -1.0, 2.0, -1.0, 1.0, -1.0, 2.0, 0.0, 0.0, 0.0, -1.0, 0.0, 3.0, 1.0, 0.0, -1.0, -1.0, -1.0, -1.0, -1.0, 5.0, 9.0, 7.0, -1.0, 2.0, 0.0, -1.0, 0.0, 0.0, -1.0, 2.0, 0.0, 1.0], "nb_episode_steps": [4, 3, 4, 3, 3, 4, 2, 1, 5, 2, 4, 1, 1, 5, 6, 2, 1, 1, 4, 1, 2, 3, 1, 4, 1, 3, 1, 4, 2, 2, 2, 1, 2, 5, 3, 2, 1, 1, 1, 1, 1, 7, 11, 9, 1, 4, 2, 1, 2, 2, 1, 4, 2, 3], "nb_steps": [4, 7, 11, 14, 17, 21, 23, 24, 29, 31, 35, 36, 37, 42, 48, 50, 51, 52, 56, 57, 59, 62, 63, 67, 68, 71, 72, 76, 78, 80, 82, 83, 85, 90, 93, 95, 96, 97, 98, 99, 100, 107, 118, 127, 128, 132, 134, 135, 137, 139, 140, 144, 146, 149], "episode": [0, 1, 2, 3, 4, 5, 6, 7, 8, 9, 10, 11, 12, 13, 14, 15, 16, 17, 18, 19, 20, 21, 22, 23, 24, 25, 26, 27, 28, 29, 30, 31, 32, 33, 34, 35, 36, 37, 38, 39, 40, 41, 42, 43, 44, 45, 46, 47, 48, 49, 50, 51, 52, 53], "duration": [0.21375459999998725, 0.0892340000000047, 0.13688949999999522, 0.11882289999999784, 0.10331209999998237, 0.12772580000000744, 0.07660119999999893, 0.051834099999979344, 0.14856349999999452, 0.07256339999997863, 0.11857449999999403, 0.058046399999994946, 0.05301610000000778, 0.14584600000000592, 0.17310960000000364, 0.08012180000000058, 0.05379219999997531, 0.05298110000001088, 0.11604590000001735, 0.04625210000000379, 0.07145929999998657, 0.09295579999999859, 0.05092469999999594, 0.11298199999998815, 0.049261699999988195, 0.09132689999998433, 0.049518799999987095, 0.11423300000001291, 0.07326740000002019, 0.07476790000001188, 0.06951749999998924, 0.049634300000008125, 0.0693981000000008, 0.13593939999998383, 0.09515809999999192, 0.0724745999999925, 0.04890469999998004, 0.04778210000000627, 0.04398330000000783, 0.045722100000006094, 0.05118840000000091, 0.1905608000000143, 0.27047509999999875, 0.2789733000000183, 0.06039210000000139, 0.14346450000002164, 0.08395799999999554, 0.06504859999998303, 0.11228510000000824, 0.08571990000001506, 0.058266699999990124, 0.13938640000000646, 0.08498020000001816, 0.11485909999998967]}