{"loss": [NaN, NaN, NaN, NaN, NaN, NaN, NaN, NaN, NaN, NaN, NaN, NaN, NaN, NaN, NaN, NaN, NaN, NaN, NaN, NaN, NaN, NaN, NaN, NaN, NaN, NaN, NaN, NaN, NaN, NaN, NaN, NaN, NaN, NaN, NaN, NaN, NaN, NaN, NaN, NaN, NaN, NaN, NaN, NaN, NaN, NaN, NaN, NaN, NaN, NaN, NaN, NaN, NaN, NaN], "mae": [NaN, NaN, NaN, NaN, NaN, NaN, NaN, NaN, NaN, NaN, NaN, NaN, NaN, NaN, NaN, NaN, NaN, NaN, NaN, NaN, NaN, NaN, NaN, NaN, NaN, NaN, NaN, NaN, NaN, NaN, NaN, NaN, NaN, NaN, NaN, NaN, NaN, NaN, NaN, NaN, NaN, NaN, NaN, NaN, NaN, NaN, NaN, NaN, NaN, NaN, NaN, NaN, NaN, NaN], "mean_q": [NaN, NaN, NaN, NaN, NaN, NaN, NaN, NaN, NaN, NaN, NaN, NaN, NaN, NaN, NaN, NaN, NaN, NaN, NaN, NaN, NaN, NaN, NaN, NaN, NaN, NaN, NaN, NaN, NaN, NaN, NaN, NaN, NaN, NaN, NaN, NaN, NaN, NaN, NaN, NaN, NaN, NaN, NaN, NaN, NaN, NaN, NaN, NaN, NaN, NaN, NaN, NaN, NaN, NaN], "mean_eps": [NaN, NaN, NaN, NaN, NaN, NaN, NaN, NaN, NaN, NaN, NaN, NaN, NaN, NaN, NaN, NaN, NaN, NaN, NaN, NaN, NaN, NaN, NaN, NaN, NaN, NaN, NaN, NaN, NaN, NaN, NaN, NaN, NaN, NaN, NaN, NaN, NaN, NaN, NaN, NaN, NaN, NaN, NaN, NaN, NaN, NaN, NaN, NaN, NaN, NaN, NaN, NaN, NaN, NaN], "episode_reward": [2.0, 1.0, 2.0, 1.0, 1.0, 2.0, 0.0, -1.0, 3.0, 0.0, 2.0, -1.0, -1.0, 3.0, 4.0, 0.0, -1.0, -1.0, 2.0, -1.0, 0.0, 1.0, -1.0, 2.0, -1.0, 1.0, -1.0, 2.0, 0.0, 0.0, 0.0, -1.0, 0.0, 3.0, 1.0, 0.0, -1.0, -1.0, -1.0, -1.0, -1.0, 5.0, 9.0, 7.0, -1.0, 2.0, 0.0, -1.0, 0.0, 0.0, -1.0, 2.0, 0.0, 1.0], "nb_episode_steps": [4, 3, 4, 3, 3, 4, 2, 1, 5, 2, 4, 1, 1, 5, 6, 2, 1, 1, 4, 1, 2, 3, 1, 4, 1, 3, 1, 4, 2, 2, 2, 1, 2, 5, 3, 2, 1, 1, 1, 1, 1, 7, 11, 9, 1, 4, 2, 1, 2, 2, 1, 4, 2, 3], "nb_steps": [4, 7, 11, 14, 17, 21, 23, 24, 29, 31, 35, 36, 37, 42, 48, 50, 51, 52, 56, 57, 59, 62, 63, 67, 68, 71, 72, 76, 78, 80, 82, 83, 85, 90, 93, 95, 96, 97, 98, 99, 100, 107, 118, 127, 128, 132, 134, 135, 137, 139, 140, 144, 146, 149], "episode": [0, 1, 2, 3, 4, 5, 6, 7, 8, 9, 10, 11, 12, 13, 14, 15, 16, 17, 18, 19, 20, 21, 22, 23, 24, 25, 26, 27, 28, 29, 30, 31, 32, 33, 34, 35, 36, 37, 38, 39, 40, 41, 42, 43, 44, 45, 46, 47, 48, 49, 50, 51, 52, 53], "duration": [0.2228407000000061, 0.09602179999995997, 0.11922420000001921, 0.10418879999997444, 0.10552500000000009, 0.12039129999999432, 0.07391649999999572, 0.0506603000000041, 0.14868489999997792, 0.07635950000002367, 0.12063369999998486, 0.04895970000001171, 0.050860499999998865, 0.1464510000000132, 0.16136489999996684, 0.07084880000002158, 0.05111069999998108, 0.05478619999996681, 0.12998909999998887, 0.05342480000001615, 0.07807070000001204, 0.09310409999994818, 0.05011189999999033, 0.11942040000002407, 0.049626900000021124, 0.09138189999998758, 0.05091829999997799, 0.11714399999999614, 0.08230069999996203, 0.07387119999998504, 0.07188189999999395, 0.04862099999996872, 0.07505789999999024, 0.15304420000001073, 0.10864429999998038, 0.08183859999996912, 0.05679149999997435, 0.053113699999983055, 0.05120590000001357, 0.05068430000000035, 0.0542224999999803, 0.18293090000003076, 0.27818469999999706, 0.2436600999999996, 0.053023800000005394, 0.13407819999997628, 0.07230279999998857, 0.05055749999996806, 0.07522239999997282, 0.07257059999994908, 0.054386900000054084, 0.12305800000001454, 0.07115000000004557, 0.09249990000000707]}